{
  "round": [
    1,
    2,
    3,
    4,
    5
  ],
  "fed_val_accuracy": [
    0.9433962264150944,
    0.9716981132075472,
    0.9811320754716981,
    0.9811320754716981,
    0.9905660377358491
  ],
  "fed_val_loss": [
    0.226920402204653,
    0.11418333486214562,
    0.10660781166604105,
    0.06330456306173834,
    0.10117129898050202
  ],
  "test_accuracy": [
    0.875,
    0.89375,
    0.8875,
    0.9125,
    0.93125
  ],
  "test_f1_macro": [
    0.874015548116579,
    0.8929510612107874,
    0.8868721639805976,
    0.9128018875847878,
    0.9307432157780922
  ],
  "test_f1_weighted": [
    0.8740155481165788,
    0.8929510612107874,
    0.8868721639805976,
    0.9128018875847879,
    0.9307432157780922
  ],
  "test_precision_macro": [
    0.87901459707577,
    0.8968023255813954,
    0.8887492143306097,
    0.9153462816253514,
    0.9330205358357133
  ],
  "test_recall_macro": [
    0.875,
    0.89375,
    0.8875,
    0.9125,
    0.93125
  ],
  "test_auc_macro_ovr": [
    0.9856250000000001,
    0.9902083333333334,
    0.9884375,
    0.99046875,
    0.9899479166666667
  ],
  "test_f1_per_class": [
    [
      0.9066666666666666,
      0.9302325581395349,
      0.8433734939759037,
      0.8157894736842105
    ],
    [
      0.9210526315789473,
      0.9411764705882353,
      0.8674698795180723,
      0.8421052631578947
    ],
    [
      0.935064935064935,
      0.963855421686747,
      0.8433734939759037,
      0.8051948051948052
    ],
    [
      0.9473684210526315,
      0.975609756097561,
      0.8674698795180723,
      0.8607594936708861
    ],
    [
      0.9487179487179487,
      0.963855421686747,
      0.9156626506024096,
      0.8947368421052632
    ]
  ],
  "test_confusion_matrix": [
    [
      [
        34,
        5,
        0,
        1
      ],
      [
        0,
        40,
        0,
        0
      ],
      [
        0,
        1,
        35,
        4
      ],
      [
        1,
        0,
        8,
        31
      ]
    ],
    [
      [
        35,
        4,
        0,
        1
      ],
      [
        0,
        40,
        0,
        0
      ],
      [
        0,
        1,
        36,
        3
      ],
      [
        1,
        0,
        7,
        32
      ]
    ],
    [
      [
        36,
        3,
        0,
        1
      ],
      [
        0,
        40,
        0,
        0
      ],
      [
        0,
        0,
        35,
        5
      ],
      [
        1,
        0,
        8,
        31
      ]
    ],
    [
      [
        36,
        2,
        1,
        1
      ],
      [
        0,
        40,
        0,
        0
      ],
      [
        0,
        0,
        36,
        4
      ],
      [
        0,
        0,
        6,
        34
      ]
    ],
    [
      [
        37,
        3,
        0,
        0
      ],
      [
        0,
        40,
        0,
        0
      ],
      [
        0,
        0,
        38,
        2
      ],
      [
        1,
        0,
        5,
        34
      ]
    ]
  ],
  "client_ids": [
    [
      "3",
      "2",
      "1"
    ],
    [
      "1",
      "2",
      "3"
    ],
    [
      "3",
      "2",
      "1"
    ],
    [
      "3",
      "2",
      "1"
    ],
    [
      "1",
      "3",
      "2"
    ]
  ],
  "client_val_accs": [
    [
      0.9130434782608695,
      0.9047619047619048,
      0.967741935483871
    ],
    [
      0.9838709677419355,
      1.0,
      0.9130434782608695
    ],
    [
      0.9565217391304348,
      1.0,
      0.9838709677419355
    ],
    [
      0.9565217391304348,
      0.9523809523809523,
      1.0
    ],
    [
      0.9838709677419355,
      1.0,
      1.0
    ]
  ],
  "client_weights": [
    [
      0.21335504885993486,
      0.18892508143322476,
      0.5977198697068404
    ],
    [
      0.5977198697068404,
      0.18892508143322476,
      0.21335504885993486
    ],
    [
      0.21335504885993486,
      0.18892508143322476,
      0.5977198697068404
    ],
    [
      0.21335504885993486,
      0.18892508143322476,
      0.5977198697068404
    ],
    [
      0.5977198697068404,
      0.21335504885993486,
      0.18892508143322476
    ]
  ],
  "client_class_ratios": [
    [
      [
        0.8625954198473282,
        0.0,
        0.0,
        0.13740458015267176
      ],
      [
        0.1724137931034483,
        0.008620689655172414,
        0.8103448275862069,
        0.008620689655172414
      ],
      [
        0.05994550408719346,
        0.4114441416893733,
        0.16348773841961853,
        0.3651226158038147
      ]
    ],
    [
      [
        0.05994550408719346,
        0.4114441416893733,
        0.16348773841961853,
        0.3651226158038147
      ],
      [
        0.1724137931034483,
        0.008620689655172414,
        0.8103448275862069,
        0.008620689655172414
      ],
      [
        0.8625954198473282,
        0.0,
        0.0,
        0.13740458015267176
      ]
    ],
    [
      [
        0.8625954198473282,
        0.0,
        0.0,
        0.13740458015267176
      ],
      [
        0.1724137931034483,
        0.008620689655172414,
        0.8103448275862069,
        0.008620689655172414
      ],
      [
        0.05994550408719346,
        0.4114441416893733,
        0.16348773841961853,
        0.3651226158038147
      ]
    ],
    [
      [
        0.8625954198473282,
        0.0,
        0.0,
        0.13740458015267176
      ],
      [
        0.1724137931034483,
        0.008620689655172414,
        0.8103448275862069,
        0.008620689655172414
      ],
      [
        0.05994550408719346,
        0.4114441416893733,
        0.16348773841961853,
        0.3651226158038147
      ]
    ],
    [
      [
        0.05994550408719346,
        0.4114441416893733,
        0.16348773841961853,
        0.3651226158038147
      ],
      [
        0.8625954198473282,
        0.0,
        0.0,
        0.13740458015267176
      ],
      [
        0.1724137931034483,
        0.008620689655172414,
        0.8103448275862069,
        0.008620689655172414
      ]
    ]
  ],
  "client_n_train": [
    [
      131,
      116,
      367
    ],
    [
      367,
      116,
      131
    ],
    [
      131,
      116,
      367
    ],
    [
      131,
      116,
      367
    ],
    [
      367,
      131,
      116
    ]
  ],
  "client_n_val": [
    [
      23,
      21,
      62
    ],
    [
      62,
      21,
      23
    ],
    [
      23,
      21,
      62
    ],
    [
      23,
      21,
      62
    ],
    [
      62,
      23,
      21
    ]
  ]
}