{
  "epoch": [
    1,
    2,
    3,
    4,
    5,
    6,
    7,
    8,
    9,
    10
  ],
  "train_loss": [
    0.6595398000417612,
    0.23817963525652885,
    0.1592690296089038,
    0.1394592145553384,
    0.114132540491529,
    0.1467248298980009,
    0.19985544583640802,
    0.058092087966939196,
    0.07574079851978101,
    0.09762485467422849
  ],
  "train_acc": [
    0.7483660130718954,
    0.9150326797385621,
    0.9444444444444444,
    0.9477124183006537,
    0.9558823529411765,
    0.946078431372549,
    0.9297385620915033,
    0.9820261437908496,
    0.9803921568627452,
    0.9656862745098038
  ],
  "val_loss": [
    0.31739096343517303,
    0.15306989316429412,
    0.20018399293933595,
    0.1528828926384449,
    0.23726110266787664,
    0.7677004039287567,
    0.08760697447827884,
    0.18861437748585427,
    0.221435263220753,
    0.20059828140905925
  ],
  "val_acc": [
    0.8888888888888888,
    0.9629629629629629,
    0.8981481481481481,
    0.9259259259259259,
    0.8888888888888888,
    0.75,
    0.9537037037037037,
    0.9444444444444444,
    0.8981481481481481,
    0.9351851851851852
  ],
  "test_accuracy": [
    0.8625,
    0.9,
    0.8375,
    0.88125,
    0.86875,
    0.8,
    0.90625,
    0.8875,
    0.875,
    0.89375
  ],
  "test_f1_macro": [
    0.8611547781675397,
    0.8988481517906345,
    0.8356792269909241,
    0.8810409473957754,
    0.8687622245840292,
    0.752913752913753,
    0.9057784574217638,
    0.8857414190747523,
    0.8708254622415951,
    0.8901491913570212
  ],
  "test_f1_weighted": [
    0.8611547781675395,
    0.8988481517906346,
    0.835679226990924,
    0.8810409473957753,
    0.8687622245840292,
    0.7529137529137528,
    0.9057784574217639,
    0.8857414190747525,
    0.870825462241595,
    0.8901491913570212
  ],
  "test_precision_macro": [
    0.8634706134706135,
    0.900089070820778,
    0.8510697268481389,
    0.8923809523809524,
    0.8937018345495464,
    0.8645833333333334,
    0.9073955760002271,
    0.8985980014598908,
    0.888959687855224,
    0.9002137563988548
  ],
  "test_recall_macro": [
    0.8625,
    0.9,
    0.8374999999999999,
    0.88125,
    0.86875,
    0.8,
    0.90625,
    0.8875,
    0.875,
    0.89375
  ],
  "test_auc_macro_ovr": [
    0.9802083333333332,
    0.9822395833333333,
    0.9818749999999999,
    0.9833854166666667,
    0.9822916666666667,
    0.9811458333333333,
    0.98578125,
    0.9847916666666667,
    0.98625,
    0.9880208333333333
  ],
  "test_f1_per_class": [
    [
      0.9090909090909091,
      0.9411764705882353,
      0.8048780487804879,
      0.7894736842105263
    ],
    [
      0.9367088607594937,
      0.9523809523809523,
      0.8421052631578947,
      0.8641975308641975
    ],
    [
      0.8235294117647058,
      0.9195402298850575,
      0.8095238095238095,
      0.7901234567901234
    ],
    [
      0.9041095890410958,
      0.975609756097561,
      0.8444444444444444,
      0.8
    ],
    [
      0.8732394366197183,
      0.963855421686747,
      0.8210526315789474,
      0.8169014084507042
    ],
    [
      0.9090909090909091,
      1.0,
      0.7692307692307693,
      0.3333333333333333
    ],
    [
      0.9620253164556962,
      0.975609756097561,
      0.8421052631578947,
      0.8433734939759037
    ],
    [
      0.9487179487179487,
      0.9876543209876543,
      0.8351648351648352,
      0.7714285714285715
    ],
    [
      0.9620253164556962,
      0.9876543209876543,
      0.8172043010752689,
      0.7164179104477612
    ],
    [
      0.9397590361445783,
      0.9876543209876543,
      0.8505747126436781,
      0.782608695652174
    ]
  ],
  "test_confusion_matrix": [
    [
      [
        35,
        3,
        0,
        2
      ],
      [
        0,
        40,
        0,
        0
      ],
      [
        1,
        2,
        33,
        4
      ],
      [
        1,
        0,
        9,
        30
      ]
    ],
    [
      [
        37,
        2,
        0,
        1
      ],
      [
        0,
        40,
        0,
        0
      ],
      [
        1,
        2,
        32,
        5
      ],
      [
        1,
        0,
        4,
        35
      ]
    ],
    [
      [
        28,
        6,
        2,
        4
      ],
      [
        0,
        40,
        0,
        0
      ],
      [
        0,
        1,
        34,
        5
      ],
      [
        0,
        0,
        8,
        32
      ]
    ],
    [
      [
        33,
        2,
        2,
        3
      ],
      [
        0,
        40,
        0,
        0
      ],
      [
        0,
        0,
        38,
        2
      ],
      [
        0,
        0,
        10,
        30
      ]
    ],
    [
      [
        31,
        3,
        5,
        1
      ],
      [
        0,
        40,
        0,
        0
      ],
      [
        0,
        0,
        39,
        1
      ],
      [
        0,
        0,
        11,
        29
      ]
    ],
    [
      [
        40,
        0,
        0,
        0
      ],
      [
        0,
        40,
        0,
        0
      ],
      [
        0,
        0,
        40,
        0
      ],
      [
        8,
        0,
        24,
        8
      ]
    ],
    [
      [
        38,
        1,
        0,
        1
      ],
      [
        0,
        40,
        0,
        0
      ],
      [
        0,
        1,
        32,
        7
      ],
      [
        1,
        0,
        4,
        35
      ]
    ],
    [
      [
        37,
        1,
        1,
        1
      ],
      [
        0,
        40,
        0,
        0
      ],
      [
        0,
        0,
        38,
        2
      ],
      [
        1,
        0,
        12,
        27
      ]
    ],
    [
      [
        38,
        1,
        0,
        1
      ],
      [
        0,
        40,
        0,
        0
      ],
      [
        0,
        0,
        38,
        2
      ],
      [
        1,
        0,
        15,
        24
      ]
    ],
    [
      [
        39,
        1,
        0,
        0
      ],
      [
        0,
        40,
        0,
        0
      ],
      [
        1,
        0,
        37,
        2
      ],
      [
        3,
        0,
        10,
        27
      ]
    ]
  ]
}