{
  "round": [
    1
  ],
  "fed_val_accuracy": [
    0.9217002237136466
  ],
  "fed_val_loss": [
    0.31227441404238965
  ],
  "test_accuracy": [
    0.9422222222222222
  ],
  "test_f1_macro": [
    0.9417084174664911
  ],
  "test_f1_weighted": [
    0.9417084174664911
  ],
  "test_precision_macro": [
    0.9423939677048931
  ],
  "test_recall_macro": [
    0.9422222222222223
  ],
  "test_auc_macro_ovr": [
    0.9930246913580246
  ],
  "test_f1_per_class": [
    [
      1.0,
      0.989010989010989,
      0.93048128342246,
      0.8901734104046243,
      0.898876404494382
    ]
  ],
  "test_confusion_matrix": [
    [
      [
        90,
        0,
        0,
        0,
        0
      ],
      [
        0,
        90,
        0,
        0,
        0
      ],
      [
        0,
        2,
        87,
        1,
        0
      ],
      [
        0,
        0,
        5,
        77,
        8
      ],
      [
        0,
        0,
        5,
        5,
        80
      ]
    ]
  ],
  "client_ids": [
    [
      "3",
      "1",
      "2"
    ]
  ],
  "client_val_accs": [
    [
      0.9473684210526315,
      0.9431818181818182,
      0.9105960264900662
    ]
  ],
  "client_weights": [
    [
      0.1274369947693771,
      0.19400855920114124,
      0.6785544460294817
    ]
  ],
  "client_class_ratios": [
    [
      [
        0.7761194029850746,
        0.1455223880597015,
        0.0,
        0.014925373134328358,
        0.06343283582089553
      ],
      [
        0.007352941176470588,
        0.8235294117647058,
        0.1642156862745098,
        0.004901960784313725,
        0.0
      ],
      [
        0.14716187806587247,
        0.0322354590049054,
        0.24737210932025228,
        0.29011913104414855,
        0.2831114225648213
      ]
    ]
  ],
  "client_n_train": [
    [
      268,
      408,
      1427
    ]
  ],
  "client_n_val": [
    [
      57,
      88,
      302
    ]
  ]
}